PROJECT_CODE,APPLICATION_DOMAIN,FP_EFFORT,IFPUG_FP,IFPUG_ILF,IFPUG_EIF,IFPUG_EI,IFPUG_EQ,IFPUG_EO,IFPUG_PROD_GREZZA_FP,IS_ILF,IS_EIF,IS_EI,IS_EQ,IS_EO,IFPUG_PROD_ATTESA_FP,STRUCTURAL_PROD_INDEX,DIST_STRUTTURALE,CLUSTER,DATASET_TYPE,CLASSE_COERENZA,NOTE_PROFILO
PRJ_BILLING_001,Billing,67.5,121.0,8.0,0.0,3.0,1.0,5.0,1.7925925925925925,0.47058823529411764,0.0,0.17647058823529413,0.058823529411764705,0.29411764705882354,2.1620139491034758,0.8291309097871123,0.35736022014975377,0,B,Media coerenza,Structure and/or productivity show moderate deviations but remain compatible with the reference structural profile.
PRJ_BILLING_002,Billing,115.4,194.0,13.0,0.0,4.0,2.0,8.0,1.681109185441941,0.48148148148148145,0.0,0.14814814814814814,0.07407407407407407,0.2962962962962963,2.2250532023905363,0.7555366243089394,0.37366316238830344,0,B,Media coerenza,Structure and/or productivity show moderate deviations but remain compatible with the reference structural profile.
PRJ_BILLING_003,Billing,37.8,70.0,5.0,0.0,0.0,0.0,4.0,1.851851851851852,0.5555555555555556,0.0,0.0,0.0,0.4444444444444444,2.5129654736951057,0.7369189394905847,0.5428472244648729,0,B,Bassa coerenza,Structure and/or productivity differ significantly from the reference structural profile; the project may represent an outlier or a non-comparable context.
PRJ_BILLING_004,Billing,33.5,66.0,1.0,0.0,4.0,5.0,4.0,1.9701492537313432,0.07142857142857142,0.0,0.2857142857142857,0.35714285714285715,0.2857142857142857,1.9784337486742407,0.9958125992601728,0.21184911321145622,0,B,Alta coerenza,Structure and productivity are aligned with the reference structural profile for the corresponding application domain and cluster.
PRJ_BILLING_005,Billing,43.0,70.0,5.0,0.0,0.0,0.0,4.0,1.627906976744186,0.5555555555555556,0.0,0.0,0.0,0.4444444444444444,2.5129654736951057,0.6478031607614907,0.5428472244648729,0,B,Bassa coerenza,Structure and/or productivity differ significantly from the reference structural profile; the project may represent an outlier or a non-comparable context.
PRJ_BILLING_006,Billing,33.6,59.0,0.0,0.0,3.0,3.0,7.0,1.755952380952381,0.0,0.0,0.23076923076923078,0.23076923076923078,0.5384615384615384,2.045328901857856,0.8585183436059489,0.2814645597355491,0,B,Media coerenza,Structure and/or productivity show moderate deviations but remain compatible with the reference structural profile.
PRJ_BILLING_007,Billing,270.0,250.0,3.0,0.0,17.0,3.0,28.0,0.9259259259259259,0.058823529411764705,0.0,0.3333333333333333,0.058823529411764705,0.5490196078431373,1.795394792819866,0.5157227422229831,0.26751511502424574,0,B,Media coerenza,Structure and/or productivity show moderate deviations but remain compatible with the reference structural profile.
PRJ_BILLING_008,Billing,12.0,43.0,3.0,0.0,1.0,1.0,1.0,3.5833333333333335,0.5,0.0,0.16666666666666666,0.16666666666666666,0.16666666666666666,2.2161023005834095,1.6169530316312508,0.40269393185004326,0,B,Bassa coerenza,Structure and/or productivity differ significantly from the reference structural profile; the project may represent an outlier or a non-comparable context.
PRJ_BILLING_009,Billing,28.9,50.0,3.0,0.0,2.0,3.0,0.0,1.7301038062283738,0.375,0.0,0.25,0.375,0.0,2.0918051818767966,0.8270864902801802,0.44662938057491147,0,B,Bassa coerenza,Structure and/or productivity differ significantly from the reference structural profile; the project may represent an outlier or a non-comparable context.
PRJ_BILLING_010,Billing,110.3,99.0,3.0,0.0,10.0,1.0,5.0,0.8975521305530372,0.15789473684210525,0.0,0.5263157894736842,0.05263157894736842,0.2631578947368421,1.4142060694388447,0.6346685606498527,0.25471989902559106,0,B,Media coerenza,Structure and/or productivity show moderate deviations but remain compatible with the reference structural profile.
PRJ_BILLING_011,Billing,20.5,42.0,1.0,1.0,3.0,2.0,1.0,2.048780487804878,0.125,0.125,0.375,0.25,0.125,2.001134429948953,1.0238095238095226,0.2633161569851686,0,B,Media coerenza,Structure and/or productivity show moderate deviations but remain compatible with the reference structural profile.
PRJ_BILLING_012,Billing,20.1,42.0,2.0,0.0,2.0,1.0,2.0,2.08955223880597,0.2857142857142857,0.0,0.2857142857142857,0.14285714285714285,0.2857142857142857,1.9426910256102987,1.0755967939624032,0.13707150517360414,0,B,Alta coerenza,Structure and productivity are aligned with the reference structural profile for the corresponding application domain and cluster.
PRJ_BILLING_013,Billing,50.0,59.0,5.0,0.0,1.0,0.0,1.0,1.18,0.7142857142857143,0.0,0.14285714285714285,0.0,0.14285714285714285,2.2421903771268785,0.5262711017037013,0.6312966283559539,0,B,Bassa coerenza,Structure and/or productivity differ significantly from the reference structural profile; the project may represent an outlier or a non-comparable context.
PRJ_BILLING_014,Billing,31.5,49.0,0.0,0.0,5.0,1.0,5.0,1.5555555555555556,0.0,0.0,0.45454545454545453,0.09090909090909091,0.45454545454545453,1.5519114106611898,1.0023481655391742,0.26172216356876843,0,B,Media coerenza,Structure and/or productivity show moderate deviations but remain compatible with the reference structural profile.
PRJ_BILLING_015,Billing,18.0,39.0,1.0,0.0,1.0,5.0,1.0,2.1666666666666665,0.125,0.0,0.125,0.625,0.125,2.3868559652582753,0.907749230872512,0.5321716889748228,0,B,Bassa coerenza,Structure and/or productivity differ significantly from the reference structural profile; the project may represent an outlier or a non-comparable context.
PRJ_BILLING_016,Billing,20.2,36.0,1.0,0.0,3.0,1.0,2.0,1.7821782178217822,0.14285714285714285,0.0,0.42857142857142855,0.14285714285714285,0.2857142857142857,1.636255143226764,1.0891811250825172,0.1296458965007914,0,B,Alta coerenza,Structure and productivity are aligned with the reference structural profile for the corresponding application domain and cluster.
PRJ_BILLING_017,Billing,15.0,33.0,2.0,0.0,1.0,1.0,1.0,2.2,0.4,0.0,0.2,0.2,0.2,2.1462191185628745,1.0250584299487266,0.2947679445690656,0,B,Media coerenza,Structure and/or productivity show moderate deviations but remain compatible with the reference structural profile.
PRJ_BILLING_018,Billing,37.9,40.0,0.0,0.0,3.0,2.0,4.0,1.0554089709762533,0.0,0.0,0.3333333333333333,0.2222222222222222,0.4444444444444444,1.835014942422056,0.5751500691232561,0.20490821213612717,0,B,Media coerenza,Structure and/or productivity show moderate deviations but remain compatible with the reference structural profile.
PRJ_BILLING_019,Billing,10.0,33.0,2.0,0.0,1.0,1.0,1.0,3.3,0.4,0.0,0.2,0.2,0.2,2.1462191185628745,1.5375876449230899,0.2947679445690656,0,B,Media coerenza,Structure and/or productivity show moderate deviations but remain compatible with the reference structural profile.
PRJ_BILLING_020,Billing,16.8,33.0,1.0,0.0,1.0,1.0,3.0,1.9642857142857142,0.16666666666666666,0.0,0.16666666666666666,0.16666666666666666,0.5,2.176687747840175,0.9024196126590884,0.22281117987398205,0,B,Alta coerenza,Structure and productivity are aligned with the reference structural profile for the corresponding application domain and cluster.
PRJ_BILLING_021,Billing,60.0,40.0,2.0,0.0,3.0,2.0,0.0,0.6666666666666666,0.2857142857142857,0.0,0.42857142857142855,0.2857142857142857,0.0,1.6938675276207356,0.393576626150387,0.3886568692100873,0,B,Bassa coerenza,Structure and/or productivity differ significantly from the reference structural profile; the project may represent an outlier or a non-comparable context.
PRJ_BILLING_022,Billing,47.9,39.0,0.0,0.0,3.0,3.0,3.0,0.81419624217119,0.0,0.0,0.3333333333333333,0.3333333333333333,0.3333333333333333,1.8666863904807336,0.43617194956969046,0.22903659401640658,0,B,Bassa coerenza,Structure and/or productivity differ significantly from the reference structural profile; the project may represent an outlier or a non-comparable context.
PRJ_BILLING_023,Billing,16.2,30.0,0.0,0.0,4.0,1.0,2.0,1.8518518518518519,0.0,0.0,0.5714285714285714,0.14285714285714285,0.2857142857142857,1.329819260843229,1.3925590539857315,0.31058038007841854,0,B,Media coerenza,Structure and/or productivity show moderate deviations but remain compatible with the reference structural profile.
PRJ_BILLING_024,Billing,28.9,35.0,0.0,0.0,2.0,3.0,3.0,1.2110726643598617,0.0,0.0,0.25,0.375,0.375,2.0474638100406577,0.5914989356201674,0.2699917130426718,0,B,Media coerenza,Structure and/or productivity show moderate deviations but remain compatible with the reference structural profile.
PRJ_BILLING_025,Billing,35.0,34.0,0.0,0.0,3.0,3.0,2.0,0.9714285714285714,0.0,0.0,0.375,0.375,0.25,1.7941128702337776,0.5414534322481014,0.2786437879349805,0,B,Media coerenza,Structure and/or productivity show moderate deviations but remain compatible with the reference structural profile.
PRJ_BILLING_026,Billing,24.6,33.0,0.0,0.0,3.0,4.0,1.0,1.3414634146341462,0.0,0.0,0.375,0.5,0.125,1.8297432492997898,0.7331429779273679,0.4239095688706152,0,B,Media coerenza,Structure and/or productivity show moderate deviations but remain compatible with the reference structural profile.
PRJ_BILLING_027,Billing,26.0,32.0,2.0,0.0,3.0,0.0,0.0,1.2307692307692308,0.4,0.0,0.6,0.0,0.0,1.2784875046752386,0.9626759950867653,0.5280027228364328,0,B,Bassa coerenza,Structure and/or productivity differ significantly from the reference structural profile; the project may represent an outlier or a non-comparable context.
PRJ_BILLING_028,Billing,6.2,23.0,1.0,0.0,1.0,1.0,1.0,3.7096774193548385,0.25,0.0,0.25,0.25,0.25,2.0413943455320718,1.8172272434642918,0.1548442725463503,0,B,Bassa coerenza,Structure and/or productivity differ significantly from the reference structural profile; the project may represent an outlier or a non-comparable context.
PRJ_BILLING_029,Billing,8.0,25.0,1.0,0.0,0.0,0.0,3.0,3.125,0.25,0.0,0.0,0.0,0.75,2.4768354670138075,1.2616905893097738,0.5571078475517102,0,B,Bassa coerenza,Structure and/or productivity differ significantly from the reference structural profile; the project may represent an outlier or a non-comparable context.
PRJ_BILLING_030,Billing,9.0,23.0,0.0,0.0,1.0,1.0,3.0,2.5555555555555554,0.0,0.0,0.2,0.2,0.6,2.098921655270993,1.217556429101498,0.33446531075592606,0,B,Media coerenza,Structure and/or productivity show moderate deviations but remain compatible with the reference structural profile.
PRJ_BILLING_031,Billing,20.3,26.0,0.0,0.0,3.0,1.0,2.0,1.2807881773399015,0.0,0.0,0.5,0.16666666666666666,0.3333333333333333,1.4813779653168773,0.8645924317268563,0.24819309991312644,0,B,Media coerenza,Structure and/or productivity show moderate deviations but remain compatible with the reference structural profile.
PRJ_BILLING_032,Billing,10.0,21.0,0.0,0.0,3.0,1.0,1.0,2.1,0.0,0.0,0.6,0.2,0.2,1.2881986478889764,1.6301833598733826,0.3564504418804663,0,B,Bassa coerenza,Structure and/or productivity differ significantly from the reference structural profile; the project may represent an outlier or a non-comparable context.
PRJ_BILLING_033,Billing,6.2,21.0,0.0,0.0,3.0,1.0,1.0,3.3870967741935485,0.0,0.0,0.6,0.2,0.2,1.2881986478889764,2.629327999795778,0.3564504418804663,0,B,Bassa coerenza,Structure and/or productivity differ significantly from the reference structural profile; the project may represent an outlier or a non-comparable context.
PRJ_BILLING_034,Billing,7.3,22.0,0.0,0.0,2.0,1.0,2.0,3.0136986301369864,0.0,0.0,0.4,0.2,0.4,1.6935601515799847,1.7795049247736467,0.19865039845899873,0,B,Bassa coerenza,Structure and/or productivity differ significantly from the reference structural profile; the project may represent an outlier or a non-comparable context.
PRJ_BILLING_035,Billing,5.0,17.0,0.0,0.0,1.0,2.0,1.0,3.4,0.0,0.0,0.25,0.5,0.25,2.08309418910667,1.6321873575280252,0.37908110891606417,0,B,Bassa coerenza,Structure and/or productivity differ significantly from the reference structural profile; the project may represent an outlier or a non-comparable context.
PRJ_BILLING_036,Billing,4.0,13.0,0.0,0.0,1.0,1.0,1.0,3.25,0.0,0.0,0.3333333333333333,0.3333333333333333,0.3333333333333333,1.8666863904807336,1.7410530320323476,0.22903659401640658,0,B,Bassa coerenza,Structure and/or productivity differ significantly from the reference structural profile; the project may represent an outlier or a non-comparable context.
PRJ_BILLING_037,Billing,10.0,14.0,0.0,0.0,1.0,0.0,2.0,1.4,0.0,0.0,0.3333333333333333,0.0,0.6666666666666666,1.771672046304701,0.7902139692953201,0.41133289626936953,0,B,Media coerenza,Structure and/or productivity show moderate deviations but remain compatible with the reference structural profile.
PRJ_BILLING_038,Billing,8.0,13.0,0.0,0.0,1.0,1.0,1.0,1.625,0.0,0.0,0.3333333333333333,0.3333333333333333,0.3333333333333333,1.8666863904807336,0.8705265160161738,0.22903659401640658,0,B,Alta coerenza,Structure and productivity are aligned with the reference structural profile for the corresponding application domain and cluster.
PRJ_BILLING_039,Billing,10.0,13.0,0.0,0.0,1.0,1.0,1.0,1.3,0.0,0.0,0.3333333333333333,0.3333333333333333,0.3333333333333333,1.8666863904807336,0.6964212128129391,0.22903659401640658,0,B,Media coerenza,Structure and/or productivity show moderate deviations but remain compatible with the reference structural profile.
PRJ_BILLING_040,Billing,9.0,13.0,0.0,0.0,1.0,1.0,1.0,1.4444444444444444,0.0,0.0,0.3333333333333333,0.3333333333333333,0.3333333333333333,1.8666863904807336,0.7738013475699322,0.22903659401640658,0,B,Media coerenza,Structure and/or productivity show moderate deviations but remain compatible with the reference structural profile.
PRJ_BILLING_041,Billing,13.0,13.0,0.0,0.0,1.0,1.0,1.0,1.0,0.0,0.0,0.3333333333333333,0.3333333333333333,0.3333333333333333,1.8666863904807336,0.5357086252407224,0.22903659401640658,0,B,Media coerenza,Structure and/or productivity show moderate deviations but remain compatible with the reference structural profile.
PRJ_BILLING_042,Billing,11.9,13.0,0.0,0.0,1.0,1.0,1.0,1.0924369747899159,0.0,0.0,0.3333333333333333,0.3333333333333333,0.3333333333333333,1.8666863904807336,0.5852279099268395,0.22903659401640658,0,B,Media coerenza,Structure and/or productivity show moderate deviations but remain compatible with the reference structural profile.
PRJ_BILLING_043,Billing,20.0,13.0,0.0,0.0,2.0,0.0,1.0,0.65,0.0,0.0,0.6666666666666666,0.0,0.3333333333333333,1.096069540153021,0.5930280663663496,0.42644223454232244,0,B,Bassa coerenza,Structure and/or productivity differ significantly from the reference structural profile; the project may represent an outlier or a non-comparable context.
PRJ_BILLING_044,Billing,14.2,9.0,0.0,0.0,1.0,0.0,1.0,0.6338028169014085,0.0,0.0,0.5,0.0,0.5,1.433870793228861,0.44202226580972476,0.3463644178056444,0,B,Bassa coerenza,Structure and/or productivity differ significantly from the reference structural profile; the project may represent an outlier or a non-comparable context.
PRJ_BILLING_045,Billing,22.0,36.0,1.0,0.0,3.0,1.0,2.0,1.6363636363636365,0.14285714285714285,0.0,0.42857142857142855,0.14285714285714285,0.2857142857142857,1.636255143226764,1.000066305757584,0.1296458965007914,0,B,Alta coerenza,Structure and productivity are aligned with the reference structural profile for the corresponding application domain and cluster.
PRJ_BILLING_046,Billing,17.0,32.0,1.0,0.0,2.0,1.0,2.0,1.8823529411764706,0.16666666666666666,0.0,0.3333333333333333,0.16666666666666666,0.3333333333333333,1.8388864947643346,1.0236373732342334,0.020454345389942293,0,B,Alta coerenza,Structure and productivity are aligned with the reference structural profile for the corresponding application domain and cluster.
PRJ_BILLING_047,Billing,19.0,31.0,1.0,0.0,3.0,1.0,1.0,1.631578947368421,0.16666666666666666,0.0,0.5,0.16666666666666666,0.16666666666666666,1.5010852416884946,1.0869329083091515,0.24960578864468919,0,B,Media coerenza,Structure and/or productivity show moderate deviations but remain compatible with the reference structural profile.
PRJ_BILLING_048,Billing,24.0,41.0,1.0,0.0,3.0,1.0,3.0,1.7083333333333333,0.125,0.0,0.375,0.125,0.375,1.7376325693804664,0.9831384168532364,0.09732691986868641,0,B,Alta coerenza,Structure and productivity are aligned with the reference structural profile for the corresponding application domain and cluster.
PRJ_BILLING_049,Billing,18.0,32.0,1.0,0.0,2.0,1.0,2.0,1.7777777777777777,0.16666666666666666,0.0,0.3333333333333333,0.16666666666666666,0.3333333333333333,1.8388864947643346,0.9667686302767761,0.020454345389942293,0,B,Alta coerenza,Structure and productivity are aligned with the reference structural profile for the corresponding application domain and cluster.
PRJ_BILLING_050,Billing,22.0,41.0,1.0,0.0,3.0,1.0,3.0,1.8636363636363635,0.125,0.0,0.375,0.125,0.375,1.7376325693804664,1.072514636567167,0.09732691986868641,0,B,Alta coerenza,Structure and productivity are aligned with the reference structural profile for the corresponding application domain and cluster.
PRJ_BILLING_051,Billing,21.5,42.0,1.0,1.0,3.0,2.0,1.0,1.9534883720930232,0.125,0.125,0.375,0.25,0.125,2.001134429948953,0.976190476190475,0.2633161569851686,0,B,Media coerenza,Structure and/or productivity show moderate deviations but remain compatible with the reference structural profile.
PRJ_BILLING_052,Billing,23.0,41.0,1.0,0.0,3.0,1.0,3.0,1.7826086956521738,0.125,0.0,0.375,0.125,0.375,1.7376325693804664,1.0258835654120728,0.09732691986868641,0,B,Alta coerenza,Structure and productivity are aligned with the reference structural profile for the corresponding application domain and cluster.
PRJ_BILLING_053,Billing,31.0,51.0,2.0,0.0,3.0,1.0,3.0,1.6451612903225807,0.2222222222222222,0.0,0.3333333333333333,0.1111111111111111,0.3333333333333333,1.8296198628588685,0.899182023391426,0.08810946535751618,0,B,Alta coerenza,Structure and productivity are aligned with the reference structural profile for the corresponding application domain and cluster.
PRJ_BILLING_054,Billing,10.0,40.0,0.0,0.0,0.0,0.0,8.0,4.0,0.0,0.0,0.0,0.0,1.0,2.4472745524563813,1.6344712921503293,0.7752296228535718,0,B,Bassa coerenza,Structure and/or productivity differ significantly from the reference structural profile; the project may represent an outlier or a non-comparable context.
PRJ_BILLING_055,Billing,10.8,22.0,0.0,0.0,2.0,1.0,2.0,2.0370370370370368,0.0,0.0,0.4,0.2,0.4,1.6935601515799847,1.2028135139673721,0.19865039845899873,0,B,Media coerenza,Structure and/or productivity show moderate deviations but remain compatible with the reference structural profile.
PRJ_BILLING_056,Billing,20.0,18.0,1.0,0.0,2.0,0.0,0.0,0.9,0.3333333333333333,0.0,0.6666666666666666,0.0,0.0,1.1354840928962555,0.7926134814485942,0.5425592689038318,0,B,Bassa coerenza,Structure and/or productivity differ significantly from the reference structural profile; the project may represent an outlier or a non-comparable context.
PRJ_BILLING_057,Billing,8.3,13.0,0.0,0.0,1.0,1.0,1.0,1.5662650602409638,0.0,0.0,0.3333333333333333,0.3333333333333333,0.3333333333333333,1.8666863904807336,0.8390617021842639,0.22903659401640658,0,B,Alta coerenza,Structure and productivity are aligned with the reference structural profile for the corresponding application domain and cluster.
PRJ_BILLING_058,Billing,3.0,5.0,0.0,0.0,0.0,0.0,1.0,1.6666666666666667,0.0,0.0,0.0,0.0,1.0,2.4472745524563813,0.6810297050626372,0.7752296228535718,0,B,Bassa coerenza,Structure and/or productivity differ significantly from the reference structural profile; the project may represent an outlier or a non-comparable context.
PRJ_BILLING_059,Billing,52.0,39.0,0.0,0.0,4.0,3.0,3.0,0.75,0.0,0.0,0.4,0.3,0.3,1.7220644548327941,0.43552376793749115,0.22606979105615177,0,B,Bassa coerenza,Structure and/or productivity differ significantly from the reference structural profile; the project may represent an outlier or a non-comparable context.
PRJ_BILLING_060,Billing,28.0,33.0,0.0,0.0,2.0,4.0,1.0,1.1785714285714286,0.0,0.0,0.2857142857142857,0.5714285714285714,0.14285714285714285,2.031068422913854,0.5802716517450465,0.4703553260107226,0,B,Bassa coerenza,Structure and/or productivity differ significantly from the reference structural profile; the project may represent an outlier or a non-comparable context.
PRJ_BILLING_061,Billing,23.0,32.0,2.0,0.0,3.0,0.0,0.0,1.391304347826087,0.4,0.0,0.6,0.0,0.0,1.2784875046752386,1.088242429228517,0.5280027228364328,0,B,Bassa coerenza,Structure and/or productivity differ significantly from the reference structural profile; the project may represent an outlier or a non-comparable context.
PRJ_BILLING_062,Billing,4.0,23.0,1.0,0.0,1.0,1.0,1.0,5.75,0.25,0.0,0.25,0.25,0.25,2.0413943455320718,2.8167022273696523,0.1548442725463503,0,B,Bassa coerenza,Structure and/or productivity differ significantly from the reference structural profile; the project may represent an outlier or a non-comparable context.
PRJ_DATA_001,Data Platform,40.0,125.0,1.0,0.0,10.0,5.0,11.0,3.125,0.037037037037037035,0.0,0.37037037037037035,0.18518518518518517,0.4074074074074074,2.3265622879423127,1.3431834669528024,0.19603614870678698,0,B,Media coerenza,Structure and/or productivity show moderate deviations but remain compatible with the reference structural profile.
PRJ_DATA_002,Data Platform,103.0,233.0,15.0,0.0,16.0,1.0,3.0,2.262135922330097,0.42857142857142855,0.0,0.45714285714285713,0.02857142857142857,0.08571428571428572,2.623263421989067,0.8623365474348176,0.39760997573057466,0,B,Media coerenza,Structure and/or productivity show moderate deviations but remain compatible with the reference structural profile.
PRJ_DATA_003,Data Platform,36.4,84.0,3.0,0.0,5.0,1.0,6.0,2.307692307692308,0.2,0.0,0.3333333333333333,0.06666666666666667,0.4,2.3615496140339642,0.9771940822155085,0.17537020197414402,0,B,Alta coerenza,Structure and productivity are aligned with the reference structural profile for the corresponding application domain and cluster.
PRJ_DATA_004,Data Platform,21.0,65.0,3.0,0.0,4.0,1.0,3.0,3.0952380952380953,0.2727272727272727,0.0,0.36363636363636365,0.09090909090909091,0.2727272727272727,2.457350963556366,1.2595832427446816,0.15739504500517398,0,B,Media coerenza,Structure and/or productivity show moderate deviations but remain compatible with the reference structural profile.
PRJ_DATA_005,Data Platform,44.0,84.0,0.0,0.0,0.0,21.0,0.0,1.9090909090909092,0.0,0.0,0.0,1.0,0.0,2.4426371951062613,0.7815695728025867,0.9218902093150123,0,B,Bassa coerenza,Structure and/or productivity differ significantly from the reference structural profile; the project may represent an outlier or a non-comparable context.
PRJ_DATA_006,Data Platform,38.0,80.0,4.0,2.0,2.0,2.0,2.0,2.1052631578947367,0.3333333333333333,0.16666666666666666,0.16666666666666666,0.16666666666666666,0.16666666666666666,2.2963521344681497,0.9167858562695261,0.2877219797736918,0,B,Media coerenza,Structure and/or productivity show moderate deviations but remain compatible with the reference structural profile.
PRJ_DATA_007,Data Platform,33.8,69.0,2.0,0.0,4.0,2.0,5.0,2.0414201183431953,0.15384615384615385,0.0,0.3076923076923077,0.15384615384615385,0.38461538461538464,2.351683751416923,0.8680674504440534,0.10677574963475345,0,B,Alta coerenza,Structure and productivity are aligned with the reference structural profile for the corresponding application domain and cluster.
PRJ_DATA_008,Data Platform,87.0,116.0,3.0,0.0,9.0,5.0,6.0,1.3333333333333333,0.13043478260869565,0.0,0.391304347826087,0.21739130434782608,0.2608695652173913,2.43559891133221,0.5474355104732882,0.10821132818819124,0,B,Bassa coerenza,Structure and/or productivity differ significantly from the reference structural profile; the project may represent an outlier or a non-comparable context.
PRJ_DATA_009,Data Platform,14.0,51.0,3.0,0.0,3.0,1.0,1.0,3.642857142857143,0.375,0.0,0.375,0.125,0.125,2.566732045089776,1.419258839202176,0.2778873075007214,0,B,Media coerenza,Structure and/or productivity show moderate deviations but remain compatible with the reference structural profile.
PRJ_DATA_010,Data Platform,10.0,58.0,3.0,0.0,1.0,1.0,4.0,5.8,0.3333333333333333,0.0,0.1111111111111111,0.1111111111111111,0.4444444444444444,2.3119448327586563,2.508710380030708,0.30232931057251483,0,B,Bassa coerenza,Structure and/or productivity differ significantly from the reference structural profile; the project may represent an outlier or a non-comparable context.
PRJ_DATA_011,Data Platform,18.1,49.0,1.0,0.0,3.0,3.0,3.0,2.707182320441989,0.1,0.0,0.3,0.3,0.3,2.3825153953342912,1.136270651490226,0.12868359246027744,0,B,Alta coerenza,Structure and productivity are aligned with the reference structural profile for the corresponding application domain and cluster.
PRJ_DATA_012,Data Platform,15.0,48.0,0.0,0.0,1.0,1.0,8.0,3.2,0.0,0.0,0.1,0.1,0.8,2.0311917671433792,1.5754297805669062,0.5838751800014891,0,B,Bassa coerenza,Structure and/or productivity differ significantly from the reference structural profile; the project may represent an outlier or a non-comparable context.
PRJ_DATA_013,Data Platform,26.0,56.0,1.0,1.0,4.0,2.0,3.0,2.1538461538461537,0.09090909090909091,0.09090909090909091,0.36363636363636365,0.18181818181818182,0.2727272727272727,2.312534313944419,0.9313791111589622,0.13561044139823578,0,B,Alta coerenza,Structure and productivity are aligned with the reference structural profile for the corresponding application domain and cluster.
PRJ_DATA_014,Data Platform,65.1,82.0,2.0,0.0,5.0,3.0,6.0,1.2596006144393241,0.125,0.0,0.3125,0.1875,0.375,2.3510094268087784,0.5357701249837544,0.1007461740665924,0,B,Bassa coerenza,Structure and/or productivity differ significantly from the reference structural profile; the project may represent an outlier or a non-comparable context.
PRJ_DATA_015,Data Platform,40.0,60.0,3.0,0.0,4.0,1.0,2.0,1.5,0.3,0.0,0.4,0.1,0.2,2.5135481226132415,0.5967659765513088,0.20647104706325478,0,B,Media coerenza,Structure and/or productivity show moderate deviations but remain compatible with the reference structural profile.
PRJ_DATA_016,Data Platform,36.0,60.0,2.0,0.0,3.0,2.0,4.0,1.6666666666666667,0.18181818181818182,0.0,0.2727272727272727,0.18181818181818182,0.36363636363636365,2.360933082091436,0.705935580855281,0.08002893374847343,0,B,Media coerenza,Structure and/or productivity show moderate deviations but remain compatible with the reference structural profile.
PRJ_DATA_017,Data Platform,20.2,46.0,2.0,0.0,3.0,1.0,2.0,2.2772277227722775,0.25,0.0,0.375,0.125,0.25,2.467108495240537,0.92303509438901,0.13313583265388138,0,B,Alta coerenza,Structure and productivity are aligned with the reference structural profile for the corresponding application domain and cluster.
PRJ_DATA_018,Data Platform,13.9,40.0,1.0,0.0,2.0,3.0,2.0,2.8776978417266186,0.125,0.0,0.25,0.375,0.25,2.402941135991089,1.1975731734018182,0.19591534596952323,0,B,Alta coerenza,Structure and productivity are aligned with the reference structural profile for the corresponding application domain and cluster.
PRJ_DATA_019,Data Platform,9.3,36.0,1.0,0.0,2.0,2.0,2.0,3.8709677419354835,0.14285714285714285,0.0,0.2857142857142857,0.2857142857142857,0.2857142857142857,2.397270270403207,1.6147398104112844,0.09585992861822894,0,B,Bassa coerenza,Structure and/or productivity differ significantly from the reference structural profile; the project may represent an outlier or a non-comparable context.
PRJ_DATA_020,Data Platform,11.3,36.0,1.0,0.0,2.0,2.0,2.0,3.1858407079646014,0.14285714285714285,0.0,0.2857142857142857,0.2857142857142857,0.2857142857142857,2.397270270403207,1.3289451537013226,0.09585992861822894,0,B,Media coerenza,Structure and/or productivity show moderate deviations but remain compatible with the reference structural profile.
PRJ_DATA_021,Data Platform,18.2,38.0,3.0,0.0,1.0,1.0,0.0,2.087912087912088,0.6,0.0,0.2,0.2,0.0,2.645197200575486,0.7893219029030593,0.5225113889885874,0,B,Media coerenza,Structure and/or productivity show moderate deviations but remain compatible with the reference structural profile.
PRJ_DATA_022,Data Platform,33.0,47.0,2.0,0.0,2.0,1.0,3.0,1.4242424242424243,0.25,0.0,0.25,0.125,0.375,2.3657502303106672,0.602025694003798,0.1423188704903762,0,B,Media coerenza,Structure and/or productivity show moderate deviations but remain compatible with the reference structural profile.
PRJ_DATA_023,Data Platform,14.6,34.0,3.0,0.0,1.0,0.0,0.0,2.328767123287671,0.75,0.0,0.25,0.0,0.0,2.695837201942792,0.8638381878584558,0.6736484988632865,0,B,Bassa coerenza,Structure and/or productivity differ significantly from the reference structural profile; the project may represent an outlier or a non-comparable context.
PRJ_DATA_024,Data Platform,28.0,39.0,1.0,1.0,2.0,1.0,2.0,1.3928571428571428,0.14285714285714285,0.14285714285714285,0.2857142857142857,0.14285714285714285,0.2857142857142857,2.241052842920224,0.6215190986046396,0.14783060670349038,0,B,Media coerenza,Structure and/or productivity show moderate deviations but remain compatible with the reference structural profile.
PRJ_DATA_025,Data Platform,8.0,27.0,0.0,0.0,2.0,1.0,3.0,3.375,0.0,0.0,0.3333333333333333,0.16666666666666666,0.5,2.2568777164870464,1.4954288286621802,0.2782873675699208,0,B,Bassa coerenza,Structure and/or productivity differ significantly from the reference structural profile; the project may represent an outlier or a non-comparable context.
PRJ_DATA_026,Data Platform,11.9,30.0,1.0,1.0,2.0,0.0,1.0,2.5210084033613445,0.2,0.2,0.4,0.0,0.2,2.2698706664695374,1.1106396679782713,0.30570672251259606,0,B,Media coerenza,Structure and/or productivity show moderate deviations but remain compatible with the reference structural profile.
PRJ_DATA_027,Data Platform,7.0,24.0,0.0,1.0,2.0,1.0,1.0,3.4285714285714284,0.0,0.2,0.4,0.2,0.2,2.2199245511344845,1.544454034178445,0.2921680425945111,0,B,Bassa coerenza,Structure and/or productivity differ significantly from the reference structural profile; the project may represent an outlier or a non-comparable context.
PRJ_DATA_028,Data Platform,25.2,35.0,0.0,0.0,0.0,0.0,7.0,1.3888888888888888,0.0,0.0,0.0,0.0,1.0,1.8953793729876187,0.7327761970415627,0.8150975938756283,0,B,Bassa coerenza,Structure and/or productivity differ significantly from the reference structural profile; the project may represent an outlier or a non-comparable context.
PRJ_DATA_029,Data Platform,3.6,18.0,1.0,0.0,2.0,0.0,0.0,5.0,0.3333333333333333,0.0,0.6666666666666666,0.0,0.0,2.7016195855448966,1.850741690929642,0.5308221295880636,0,B,Bassa coerenza,Structure and/or productivity differ significantly from the reference structural profile; the project may represent an outlier or a non-comparable context.
PRJ_DATA_030,Data Platform,7.1,18.0,1.0,0.0,2.0,0.0,0.0,2.535211267605634,0.3333333333333333,0.0,0.6666666666666666,0.0,0.0,2.7016195855448966,0.9384042376544663,0.5308221295880636,0,B,Media coerenza,Structure and/or productivity show moderate deviations but remain compatible with the reference structural profile.
PRJ_DATA_031,Data Platform,15.4,23.0,0.0,0.0,1.0,1.0,3.0,1.4935064935064934,0.0,0.0,0.2,0.2,0.6,2.1670041612991398,0.689203334344832,0.3707241077967599,0,B,Media coerenza,Structure and/or productivity show moderate deviations but remain compatible with the reference structural profile.
PRJ_DATA_032,Data Platform,21.4,24.0,1.0,0.0,1.0,0.0,2.0,1.1214953271028039,0.25,0.0,0.25,0.0,0.5,2.297343002545837,0.48817060659205047,0.30135938194542183,0,B,Bassa coerenza,Structure and/or productivity differ significantly from the reference structural profile; the project may represent an outlier or a non-comparable context.
PRJ_DATA_033,Data Platform,12.0,22.0,1.0,0.0,2.0,1.0,0.0,1.8333333333333333,0.25,0.0,0.5,0.25,0.0,2.636873987935238,0.6952677077939912,0.36350078787584217,0,B,Media coerenza,Structure and/or productivity show moderate deviations but remain compatible with the reference structural profile.
PRJ_DATA_034,Data Platform,3.6,12.0,0.0,0.0,3.0,0.0,0.0,3.333333333333333,0.0,0.0,1.0,0.0,0.0,2.7062454924265804,1.2317187567283367,0.8025883128055911,0,B,Bassa coerenza,Structure and/or productivity differ significantly from the reference structural profile; the project may represent an outlier or a non-comparable context.
PRJ_DATA_035,Data Platform,5.1,14.0,1.0,0.0,1.0,0.0,0.0,2.7450980392156863,0.5,0.0,0.5,0.0,0.0,2.699306632104055,1.016964136851669,0.5169631192176234,0,B,Media coerenza,Structure and/or productivity show moderate deviations but remain compatible with the reference structural profile.
PRJ_DATA_036,Data Platform,9.0,18.0,0.0,0.0,1.0,1.0,2.0,2.0,0.0,0.0,0.25,0.25,0.5,2.23491035837702,0.8948904784943542,0.2840764566831788,0,B,Media coerenza,Structure and/or productivity show moderate deviations but remain compatible with the reference structural profile.
PRJ_DATA_037,Data Platform,15.0,20.0,0.0,0.0,1.0,4.0,0.0,1.3333333333333333,0.0,0.0,0.2,0.8,0.0,2.495358854570325,0.5343252858767359,0.6990957347853919,0,B,Bassa coerenza,Structure and/or productivity differ significantly from the reference structural profile; the project may represent an outlier or a non-comparable context.
PRJ_DATA_038,Data Platform,11.0,18.0,0.0,2.0,1.0,0.0,0.0,1.6363636363636365,0.0,0.6666666666666666,0.3333333333333333,0.0,0.0,1.8014919659591127,0.9083380149810648,0.7657921883252531,0,B,Bassa coerenza,Structure and/or productivity differ significantly from the reference structural profile; the project may represent an outlier or a non-comparable context.
PRJ_DATA_039,Data Platform,13.0,18.0,0.0,0.0,1.0,1.0,2.0,1.3846153846153846,0.0,0.0,0.25,0.25,0.5,2.23491035837702,0.619539562034553,0.2840764566831788,0,B,Media coerenza,Structure and/or productivity show moderate deviations but remain compatible with the reference structural profile.
PRJ_DATA_040,Data Platform,7.5,14.0,1.0,0.0,1.0,0.0,0.0,1.8666666666666667,0.5,0.0,0.5,0.0,0.0,2.699306632104055,0.691535613059135,0.5169631192176234,0,B,Media coerenza,Structure and/or productivity show moderate deviations but remain compatible with the reference structural profile.
PRJ_DATA_041,Data Platform,6.6,12.0,0.0,0.0,3.0,0.0,0.0,1.8181818181818183,0.0,0.0,1.0,0.0,0.0,2.7062454924265804,0.6718465945790929,0.8025883128055911,0,B,Bassa coerenza,Structure and/or productivity differ significantly from the reference structural profile; the project may represent an outlier or a non-comparable context.
PRJ_DATA_042,Data Platform,66.5,116.0,10.0,0.0,4.0,0.0,0.0,1.744360902255639,0.7142857142857143,0.0,0.2857142857142857,0.0,0.0,2.6963328348229725,0.6469382710203004,0.6417522674691885,0,B,Bassa coerenza,Structure and/or productivity differ significantly from the reference structural profile; the project may represent an outlier or a non-comparable context.
PRJ_DATA_043,Data Platform,45.4,79.0,1.0,0.0,6.0,5.0,5.0,1.7400881057268722,0.058823529411764705,0.0,0.35294117647058826,0.29411764705882354,0.29411764705882354,2.3894072686359067,0.7282509468217507,0.16164904235632077,0,B,Media coerenza,Structure and/or productivity show moderate deviations but remain compatible with the reference structural profile.
PRJ_DATA_044,Data Platform,16.5,46.0,2.0,0.0,3.0,1.0,2.0,2.787878787878788,0.25,0.0,0.375,0.125,0.25,2.467108495240537,1.1300187216156363,0.13313583265388138,0,B,Alta coerenza,Structure and productivity are aligned with the reference structural profile for the corresponding application domain and cluster.
PRJ_DATA_045,Data Platform,50.0,64.0,0.0,0.0,2.0,4.0,8.0,1.28,0.0,0.0,0.14285714285714285,0.2857142857142857,0.5714285714285714,2.1675767677985114,0.5905211843085151,0.37823791947118496,0,B,Media coerenza,Structure and/or productivity show moderate deviations but remain compatible with the reference structural profile.
PRJ_DATA_046,Data Platform,15.8,36.0,1.0,0.0,2.0,2.0,2.0,2.2784810126582276,0.14285714285714285,0.0,0.2857142857142857,0.2857142857142857,0.2857142857142857,2.397270270403207,0.9504481162547433,0.09585992861822894,0,B,Alta coerenza,Structure and productivity are aligned with the reference structural profile for the corresponding application domain and cluster.
PRJ_DATA_047,Data Platform,15.1,33.0,2.0,0.0,2.0,0.0,1.0,2.185430463576159,0.4,0.0,0.4,0.0,0.2,2.5385211802807675,0.8609069250840146,0.3266152335904427,0,B,Media coerenza,Structure and/or productivity show moderate deviations but remain compatible with the reference structural profile.
PRJ_DATA_048,Data Platform,18.0,28.0,2.0,0.0,2.0,0.0,0.0,1.5555555555555556,0.5,0.0,0.5,0.0,0.0,2.699306632104055,0.5762796775492792,0.5169631192176234,0,B,Media coerenza,Structure and/or productivity show moderate deviations but remain compatible with the reference structural profile.
PRJ_DATA_049,Data Platform,3.0,12.0,0.0,0.0,0.0,3.0,0.0,4.0,0.0,0.0,0.0,1.0,0.0,2.4426371951062613,1.6375743430149434,0.9218902093150123,0,B,Bassa coerenza,Structure and/or productivity differ significantly from the reference structural profile; the project may represent an outlier or a non-comparable context.
PRJ_DATA_050,Data Platform,7.0,16.0,0.0,0.0,0.0,4.0,0.0,2.2857142857142856,0.0,0.0,0.0,1.0,0.0,2.4426371951062613,0.9357567674371104,0.9218902093150123,0,B,Bassa coerenza,Structure and/or productivity differ significantly from the reference structural profile; the project may represent an outlier or a non-comparable context.
PRJ_DATA_051,Data Platform,10.0,13.0,0.0,0.0,1.0,1.0,1.0,1.3,0.0,0.0,0.3333333333333333,0.3333333333333333,0.3333333333333333,2.34808735350682,0.5536420943021889,0.22979240299658968,0,B,Media coerenza,Structure and/or productivity show moderate deviations but remain compatible with the reference structural profile.
PRJ_DATA_052,Data Platform,36.4,84.0,3.0,0.0,5.0,1.0,6.0,2.307692307692308,0.2,0.0,0.3333333333333333,0.06666666666666667,0.4,2.3615496140339642,0.9771940822155085,0.17537020197414402,0,B,Alta coerenza,Structure and productivity are aligned with the reference structural profile for the corresponding application domain and cluster.
PRJ_DATA_053,Data Platform,33.8,69.0,2.0,0.0,4.0,2.0,5.0,2.0414201183431953,0.15384615384615385,0.0,0.3076923076923077,0.15384615384615385,0.38461538461538464,2.351683751416923,0.8680674504440534,0.10677574963475345,0,B,Alta coerenza,Structure and productivity are aligned with the reference structural profile for the corresponding application domain and cluster.
PRJ_DATA_054,Data Platform,18.1,49.0,1.0,0.0,3.0,3.0,3.0,2.707182320441989,0.1,0.0,0.3,0.3,0.3,2.3825153953342912,1.136270651490226,0.12868359246027744,0,B,Alta coerenza,Structure and productivity are aligned with the reference structural profile for the corresponding application domain and cluster.
PRJ_DATA_055,Data Platform,26.0,56.0,1.0,1.0,4.0,2.0,3.0,2.1538461538461537,0.09090909090909091,0.09090909090909091,0.36363636363636365,0.18181818181818182,0.2727272727272727,2.312534313944419,0.9313791111589622,0.13561044139823578,0,B,Alta coerenza,Structure and productivity are aligned with the reference structural profile for the corresponding application domain and cluster.
PRJ_DATA_056,Data Platform,20.2,46.0,2.0,0.0,3.0,1.0,2.0,2.2772277227722775,0.25,0.0,0.375,0.125,0.25,2.467108495240537,0.92303509438901,0.13313583265388138,0,B,Alta coerenza,Structure and productivity are aligned with the reference structural profile for the corresponding application domain and cluster.
PRJ_DATA_057,Data Platform,13.9,40.0,1.0,0.0,2.0,3.0,2.0,2.8776978417266186,0.125,0.0,0.25,0.375,0.25,2.402941135991089,1.1975731734018182,0.19591534596952323,0,B,Alta coerenza,Structure and productivity are aligned with the reference structural profile for the corresponding application domain and cluster.
PRJ_DATA_058,Data Platform,50.0,64.0,0.0,0.0,2.0,4.0,8.0,1.28,0.0,0.0,0.14285714285714285,0.2857142857142857,0.5714285714285714,2.1675767677985114,0.5905211843085151,0.37823791947118496,0,B,Media coerenza,Structure and/or productivity show moderate deviations but remain compatible with the reference structural profile.
PRJ_DATA_059,Data Platform,15.1,33.0,2.0,0.0,2.0,0.0,1.0,2.185430463576159,0.4,0.0,0.4,0.0,0.2,2.5385211802807675,0.8609069250840146,0.3266152335904427,0,B,Media coerenza,Structure and/or productivity show moderate deviations but remain compatible with the reference structural profile.
PRJ_DATA_060,Data Platform,18.0,28.0,2.0,0.0,2.0,0.0,0.0,1.5555555555555556,0.5,0.0,0.5,0.0,0.0,2.699306632104055,0.5762796775492792,0.5169631192176234,0,B,Media coerenza,Structure and/or productivity show moderate deviations but remain compatible with the reference structural profile.
PRJ_DATA_061,Data Platform,14.0,51.0,3.0,0.0,3.0,1.0,1.0,3.642857142857143,0.375,0.0,0.375,0.125,0.125,2.566732045089776,1.419258839202176,0.2778873075007214,0,B,Media coerenza,Structure and/or productivity show moderate deviations but remain compatible with the reference structural profile.
PRJ_DATA_062,Data Platform,10.0,58.0,3.0,0.0,1.0,1.0,4.0,5.8,0.3333333333333333,0.0,0.1111111111111111,0.1111111111111111,0.4444444444444444,2.3119448327586563,2.508710380030708,0.30232931057251483,0,B,Bassa coerenza,Structure and/or productivity differ significantly from the reference structural profile; the project may represent an outlier or a non-comparable context.
PRJ_DATA_063,Data Platform,25.2,35.0,0.0,0.0,0.0,0.0,7.0,1.3888888888888888,0.0,0.0,0.0,0.0,1.0,1.8953793729876187,0.7327761970415627,0.8150975938756283,0,B,Bassa coerenza,Structure and/or productivity differ significantly from the reference structural profile; the project may represent an outlier or a non-comparable context.
PRJ_DATA_064,Data Platform,3.6,18.0,1.0,0.0,2.0,0.0,0.0,5.0,0.3333333333333333,0.0,0.6666666666666666,0.0,0.0,2.7016195855448966,1.850741690929642,0.5308221295880636,0,B,Bassa coerenza,Structure and/or productivity differ significantly from the reference structural profile; the project may represent an outlier or a non-comparable context.
PRJ_DATA_065,Data Platform,21.4,24.0,1.0,0.0,1.0,0.0,2.0,1.1214953271028039,0.25,0.0,0.25,0.0,0.5,2.297343002545837,0.48817060659205047,0.30135938194542183,0,B,Bassa coerenza,Structure and/or productivity differ significantly from the reference structural profile; the project may represent an outlier or a non-comparable context.
PRJ_DATA_066,Data Platform,7.0,16.0,0.0,0.0,0.0,4.0,0.0,2.2857142857142856,0.0,0.0,0.0,1.0,0.0,2.4426371951062613,0.9357567674371104,0.9218902093150123,0,B,Bassa coerenza,Structure and/or productivity differ significantly from the reference structural profile; the project may represent an outlier or a non-comparable context.
PRJ_DATA_067,Data Platform,40.0,125.0,1.0,0.0,10.0,5.0,11.0,3.125,0.037037037037037035,0.0,0.37037037037037035,0.18518518518518517,0.4074074074074074,2.3265622879423127,1.3431834669528024,0.19603614870678698,0,B,Media coerenza,Structure and/or productivity show moderate deviations but remain compatible with the reference structural profile.
PRJ_INTEGRATION_001,Integration,28.7,67.0,0.0,0.0,7.0,1.0,7.0,2.3344947735191637,0.0,0.0,0.4666666666666667,0.06666666666666667,0.4666666666666667,1.8093164907131887,1.2902633593965434,0.0843694796929781,0,B,Media coerenza,Structure and/or productivity show moderate deviations but remain compatible with the reference structural profile.
PRJ_INTEGRATION_002,Integration,18.7,54.0,0.0,0.0,5.0,1.0,6.0,2.8877005347593583,0.0,0.0,0.4166666666666667,0.08333333333333333,0.5,1.8092441852152223,1.5960811472310168,0.0798251933677731,0,B,Bassa coerenza,Structure and/or productivity differ significantly from the reference structural profile; the project may represent an outlier or a non-comparable context.
PRJ_INTEGRATION_003,Integration,18.1,51.0,0.0,0.0,3.0,1.0,7.0,2.8176795580110494,0.0,0.0,0.2727272727272727,0.09090909090909091,0.6363636363636364,1.8033282834818323,1.5624884186758978,0.2526549880368842,0,B,Bassa coerenza,Structure and/or productivity differ significantly from the reference structural profile; the project may represent an outlier or a non-comparable context.
PRJ_INTEGRATION_004,Integration,33.9,57.0,0.0,0.0,6.0,2.0,5.0,1.68141592920354,0.0,0.0,0.46153846153846156,0.15384615384615385,0.38461538461538464,1.8213831603348767,0.9231533297444111,0.06869358061807063,0,B,Alta coerenza,Structure and productivity are aligned with the reference structural profile for the corresponding application domain and cluster.
PRJ_INTEGRATION_005,Integration,27.5,49.0,0.0,0.0,5.0,1.0,5.0,1.7818181818181817,0.0,0.0,0.45454545454545453,0.09090909090909091,0.45454545454545453,1.8121528368787585,0.9832604323193704,0.05502181888728186,0,B,Alta coerenza,Structure and productivity are aligned with the reference structural profile for the corresponding application domain and cluster.
PRJ_INTEGRATION_006,Integration,76.9,117.0,0.0,0.0,13.0,0.0,13.0,1.5214564369310792,0.0,0.0,0.5,0.0,0.5,1.8015165387578715,0.8445420312267069,0.165707096127686,0,B,Media coerenza,Structure and/or productivity show moderate deviations but remain compatible with the reference structural profile.
PRJ_INTEGRATION_007,Integration,21.9,44.0,0.0,0.0,5.0,1.0,4.0,2.0091324200913245,0.0,0.0,0.5,0.1,0.4,1.8156432188750022,1.106567853862947,0.09169376650873938,0,B,Alta coerenza,Structure and productivity are aligned with the reference structural profile for the corresponding application domain and cluster.
PRJ_INTEGRATION_008,Integration,31.6,53.0,0.0,0.0,6.0,1.0,5.0,1.6772151898734176,0.0,0.0,0.5,0.08333333333333333,0.4166666666666667,1.8132887721888136,0.9249575774127018,0.09383576887591034,0,B,Alta coerenza,Structure and productivity are aligned with the reference structural profile for the corresponding application domain and cluster.
PRJ_INTEGRATION_009,Integration,32.2,53.0,0.0,0.0,6.0,1.0,5.0,1.6459627329192545,0.0,0.0,0.5,0.08333333333333333,0.4166666666666667,1.8132887721888136,0.9077223430509744,0.09383576887591034,0,B,Alta coerenza,Structure and productivity are aligned with the reference structural profile for the corresponding application domain and cluster.
PRJ_INTEGRATION_010,Integration,25.7,45.0,0.0,0.0,4.0,1.0,5.0,1.7509727626459144,0.0,0.0,0.4,0.1,0.5,1.8107897145066927,0.9669663730793423,0.0740812984994333,0,B,Alta coerenza,Structure and productivity are aligned with the reference structural profile for the corresponding application domain and cluster.
PRJ_INTEGRATION_011,Integration,19.6,40.0,0.0,0.0,4.0,1.0,4.0,2.0408163265306123,0.0,0.0,0.4444444444444444,0.1111111111111111,0.4444444444444444,1.8145164586834002,1.1247163489558059,0.0310675839979074,0,B,Media coerenza,Structure and/or productivity show moderate deviations but remain compatible with the reference structural profile.
PRJ_INTEGRATION_012,Integration,39.8,54.0,0.0,0.0,4.0,2.0,6.0,1.35678391959799,0.0,0.0,0.3333333333333333,0.16666666666666666,0.5,1.8169718316725731,0.7467280977873128,0.11429374026215236,0,B,Media coerenza,Structure and/or productivity show moderate deviations but remain compatible with the reference structural profile.
PRJ_INTEGRATION_013,Integration,26.0,44.0,0.0,0.0,5.0,1.0,4.0,1.6923076923076923,0.0,0.0,0.5,0.1,0.4,1.8156432188750022,0.9320706153691746,0.09169376650873938,0,B,Alta coerenza,Structure and productivity are aligned with the reference structural profile for the corresponding application domain and cluster.
PRJ_INTEGRATION_014,Integration,21.4,40.0,0.0,0.0,4.0,1.0,4.0,1.869158878504673,0.0,0.0,0.4444444444444444,0.1111111111111111,0.4444444444444444,1.8145164586834002,1.0301140392305512,0.0310675839979074,0,B,Alta coerenza,Structure and productivity are aligned with the reference structural profile for the corresponding application domain and cluster.
PRJ_INTEGRATION_015,Integration,23.1,40.0,0.0,0.0,4.0,1.0,4.0,1.7316017316017316,0.0,0.0,0.4444444444444444,0.1111111111111111,0.4444444444444444,1.8145164586834002,0.954304780932199,0.0310675839979074,0,B,Alta coerenza,Structure and productivity are aligned with the reference structural profile for the corresponding application domain and cluster.
PRJ_INTEGRATION_016,Integration,23.7,40.0,0.0,0.0,4.0,1.0,4.0,1.6877637130801688,0.0,0.0,0.4444444444444444,0.1111111111111111,0.4444444444444444,1.8145164586834002,0.9301451662250547,0.0310675839979074,0,B,Alta coerenza,Structure and productivity are aligned with the reference structural profile for the corresponding application domain and cluster.
PRJ_INTEGRATION_017,Integration,20.2,36.0,0.0,0.0,3.0,1.0,4.0,1.7821782178217822,0.0,0.0,0.375,0.125,0.5,1.8131080084438977,0.982941010420741,0.07902745129026453,0,B,Alta coerenza,Structure and productivity are aligned with the reference structural profile for the corresponding application domain and cluster.
PRJ_INTEGRATION_018,Integration,10.5,31.0,0.0,0.0,3.0,1.0,3.0,2.9523809523809526,0.0,0.0,0.42857142857142855,0.14285714285714285,0.42857142857142855,1.8182307215192655,1.6237658496464196,0.014081990444285196,0,B,Bassa coerenza,Structure and/or productivity differ significantly from the reference structural profile; the project may represent an outlier or a non-comparable context.
PRJ_INTEGRATION_019,Integration,13.1,28.0,0.0,0.0,1.0,1.0,4.0,2.1374045801526718,0.0,0.0,0.16666666666666666,0.16666666666666666,0.6666666666666666,1.8088826577253905,1.1816159390020282,0.3454098871276873,0,B,Bassa coerenza,Structure and/or productivity differ significantly from the reference structural profile; the project may represent an outlier or a non-comparable context.
PRJ_INTEGRATION_020,Integration,12.3,27.0,0.0,0.0,2.0,1.0,3.0,2.195121951219512,0.0,0.0,0.3333333333333333,0.16666666666666666,0.5,1.8169718316725731,1.2081210687778472,0.11429374026215236,0,B,Media coerenza,Structure and/or productivity show moderate deviations but remain compatible with the reference structural profile.
PRJ_INTEGRATION_021,Integration,22.5,36.0,0.0,0.0,3.0,1.0,4.0,1.6,0.0,0.0,0.375,0.125,0.5,1.8131080084438977,0.8824625960221764,0.07902745129026453,0,B,Alta coerenza,Structure and productivity are aligned with the reference structural profile for the corresponding application domain and cluster.
PRJ_INTEGRATION_022,Integration,18.7,33.0,0.0,0.0,1.0,1.0,5.0,1.7647058823529413,0.0,0.0,0.14285714285714285,0.14285714285714285,0.7142857142857143,1.804363566181238,0.9780212344277,0.39385477734408514,0,B,Bassa coerenza,Structure and/or productivity differ significantly from the reference structural profile; the project may represent an outlier or a non-comparable context.
PRJ_INTEGRATION_023,Integration,13.4,27.0,0.0,0.0,2.0,1.0,3.0,2.014925373134328,0.0,0.0,0.3333333333333333,0.16666666666666666,0.5,1.8169718316725731,1.1089469511916061,0.11429374026215236,0,B,Media coerenza,Structure and/or productivity show moderate deviations but remain compatible with the reference structural profile.
PRJ_INTEGRATION_024,Integration,26.6,35.0,0.0,0.0,0.0,0.0,7.0,1.3157894736842104,0.0,0.0,0.0,0.0,1.0,1.7772490169163235,0.74035178028525,0.7161426544768053,0,B,Bassa coerenza,Structure and/or productivity differ significantly from the reference structural profile; the project may represent an outlier or a non-comparable context.
PRJ_INTEGRATION_025,Integration,24.6,35.0,0.0,0.0,4.0,1.0,3.0,1.4227642276422763,0.0,0.0,0.5,0.125,0.375,1.8191748889042847,0.7820931546055079,0.09947347934968134,0,B,Media coerenza,Structure and/or productivity show moderate deviations but remain compatible with the reference structural profile.
PRJ_INTEGRATION_026,Integration,13.7,26.0,0.0,0.0,3.0,1.0,2.0,1.8978102189781023,0.0,0.0,0.5,0.16666666666666666,0.3333333333333333,1.8250610056197558,1.0398612501907256,0.13390010870710353,0,B,Media coerenza,Structure and/or productivity show moderate deviations but remain compatible with the reference structural profile.
PRJ_INTEGRATION_027,Integration,9.4,23.0,0.0,0.0,1.0,1.0,3.0,2.4468085106382977,0.0,0.0,0.2,0.2,0.6,1.815209385887204,1.3479483577275535,0.2838970373893624,0,B,Bassa coerenza,Structure and/or productivity differ significantly from the reference structural profile; the project may represent an outlier or a non-comparable context.
PRJ_INTEGRATION_028,Integration,26.9,31.0,0.0,0.0,3.0,1.0,3.0,1.1524163568773236,0.0,0.0,0.42857142857142855,0.14285714285714285,0.42857142857142855,1.8182307215192655,0.6338119487467437,0.014081990444285196,0,B,Media coerenza,Structure and/or productivity show moderate deviations but remain compatible with the reference structural profile.
PRJ_INTEGRATION_029,Integration,19.9,31.0,0.0,0.0,3.0,1.0,3.0,1.5577889447236182,0.0,0.0,0.42857142857142855,0.14285714285714285,0.42857142857142855,1.8182307215192655,0.8567608754415782,0.014081990444285196,0,B,Media coerenza,Structure and/or productivity show moderate deviations but remain compatible with the reference structural profile.
PRJ_INTEGRATION_030,Integration,11.7,23.0,0.0,0.0,1.0,1.0,3.0,1.965811965811966,0.0,0.0,0.2,0.2,0.6,1.815209385887204,1.0829670566358125,0.2838970373893624,0,B,Bassa coerenza,Structure and/or productivity differ significantly from the reference structural profile; the project may represent an outlier or a non-comparable context.
PRJ_INTEGRATION_031,Integration,15.4,26.0,0.0,0.0,3.0,1.0,2.0,1.6883116883116882,0.0,0.0,0.5,0.16666666666666666,0.3333333333333333,1.8250610056197558,0.9250713719229182,0.13390010870710353,0,B,Media coerenza,Structure and/or productivity show moderate deviations but remain compatible with the reference structural profile.
PRJ_INTEGRATION_032,Integration,10.8,22.0,0.0,0.0,2.0,1.0,2.0,2.0370370370370368,0.0,0.0,0.4,0.2,0.4,1.8249163946238234,1.116235813891594,0.08023056709790345,0,B,Alta coerenza,Structure and productivity are aligned with the reference structural profile for the corresponding application domain and cluster.
PRJ_INTEGRATION_033,Integration,9.1,22.0,0.0,0.0,2.0,1.0,2.0,2.417582417582418,0.0,0.0,0.4,0.2,0.4,1.8249163946238234,1.3247633835196944,0.08023056709790345,0,B,Media coerenza,Structure and/or productivity show moderate deviations but remain compatible with the reference structural profile.
PRJ_INTEGRATION_034,Integration,15.9,26.0,0.0,0.0,3.0,1.0,2.0,1.6352201257861634,0.0,0.0,0.5,0.16666666666666666,0.3333333333333333,1.8250610056197558,0.895981077208361,0.13390010870710353,0,B,Media coerenza,Structure and/or productivity show moderate deviations but remain compatible with the reference structural profile.
PRJ_INTEGRATION_035,Integration,16.7,26.0,0.0,0.0,3.0,1.0,2.0,1.5568862275449102,0.0,0.0,0.5,0.16666666666666666,0.3333333333333333,1.8250610056197558,0.853059828000775,0.13390010870710353,0,B,Media coerenza,Structure and/or productivity show moderate deviations but remain compatible with the reference structural profile.
PRJ_INTEGRATION_036,Integration,12.6,22.0,0.0,0.0,2.0,1.0,2.0,1.746031746031746,0.0,0.0,0.4,0.2,0.4,1.8249163946238234,0.9567735547642235,0.08023056709790345,0,B,Alta coerenza,Structure and productivity are aligned with the reference structural profile for the corresponding application domain and cluster.
PRJ_INTEGRATION_037,Integration,10.5,21.0,0.0,0.0,3.0,1.0,1.0,2.0,0.0,0.0,0.6,0.2,0.2,1.8346234033604423,1.090141985726684,0.3037702420502136,0,B,Bassa coerenza,Structure and/or productivity differ significantly from the reference structural profile; the project may represent an outlier or a non-comparable context.
PRJ_INTEGRATION_038,Integration,21.4,26.0,0.0,0.0,3.0,1.0,2.0,1.2149532710280375,0.0,0.0,0.5,0.16666666666666666,0.3333333333333333,1.8250610056197558,0.6657055667108852,0.13390010870710353,0,B,Media coerenza,Structure and/or productivity show moderate deviations but remain compatible with the reference structural profile.
PRJ_INTEGRATION_039,Integration,6.4,21.0,0.0,0.0,3.0,1.0,1.0,3.28125,0.0,0.0,0.6,0.2,0.2,1.8346234033604423,1.7885141953328412,0.3037702420502136,0,B,Bassa coerenza,Structure and/or productivity differ significantly from the reference structural profile; the project may represent an outlier or a non-comparable context.
PRJ_INTEGRATION_040,Integration,11.7,21.0,0.0,0.0,3.0,1.0,1.0,1.794871794871795,0.0,0.0,0.6,0.2,0.2,1.8346234033604423,0.9783325512931781,0.3037702420502136,0,B,Bassa coerenza,Structure and/or productivity differ significantly from the reference structural profile; the project may represent an outlier or a non-comparable context.
PRJ_INTEGRATION_041,Integration,8.8,18.0,0.0,0.0,2.0,0.0,2.0,2.0454545454545454,0.0,0.0,0.5,0.0,0.5,1.8015165387578715,1.135407031491849,0.165707096127686,0,B,Media coerenza,Structure and/or productivity show moderate deviations but remain compatible with the reference structural profile.
PRJ_INTEGRATION_042,Integration,6.1,18.0,0.0,0.0,1.0,1.0,2.0,2.9508196721311477,0.0,0.0,0.25,0.25,0.5,1.8246994781299242,1.6171537875131898,0.2180179680847432,0,B,Bassa coerenza,Structure and/or productivity differ significantly from the reference structural profile; the project may represent an outlier or a non-comparable context.
PRJ_INTEGRATION_043,Integration,7.6,18.0,0.0,0.0,2.0,0.0,2.0,2.368421052631579,0.0,0.0,0.5,0.0,0.5,1.8015165387578715,1.3146818259379305,0.165707096127686,0,B,Media coerenza,Structure and/or productivity show moderate deviations but remain compatible with the reference structural profile.
PRJ_INTEGRATION_044,Integration,9.1,18.0,0.0,0.0,1.0,1.0,2.0,1.978021978021978,0.0,0.0,0.25,0.25,0.5,1.8246994781299242,1.0840261652560943,0.2180179680847432,0,B,Media coerenza,Structure and/or productivity show moderate deviations but remain compatible with the reference structural profile.
PRJ_INTEGRATION_045,Integration,8.2,18.0,0.0,0.0,2.0,0.0,2.0,2.1951219512195124,0.0,0.0,0.5,0.0,0.5,1.8015165387578715,1.2184855947717406,0.165707096127686,0,B,Media coerenza,Structure and/or productivity show moderate deviations but remain compatible with the reference structural profile.
PRJ_INTEGRATION_046,Integration,21.9,22.0,0.0,0.0,2.0,1.0,2.0,1.0045662100456623,0.0,0.0,0.4,0.2,0.4,1.8249163946238234,0.5504724561657177,0.08023056709790345,0,B,Bassa coerenza,Structure and/or productivity differ significantly from the reference structural profile; the project may represent an outlier or a non-comparable context.
PRJ_INTEGRATION_047,Integration,21.3,22.0,0.0,0.0,2.0,1.0,2.0,1.0328638497652582,0.0,0.0,0.4,0.2,0.4,1.8249163946238234,0.565978722536583,0.08023056709790345,0,B,Bassa coerenza,Structure and/or productivity differ significantly from the reference structural profile; the project may represent an outlier or a non-comparable context.
PRJ_INTEGRATION_048,Integration,9.9,18.0,0.0,0.0,2.0,0.0,2.0,1.8181818181818181,0.0,0.0,0.5,0.0,0.5,1.8015165387578715,1.0092506946594213,0.165707096127686,0,B,Media coerenza,Structure and/or productivity show moderate deviations but remain compatible with the reference structural profile.
PRJ_INTEGRATION_049,Integration,11.1,18.0,0.0,0.0,2.0,0.0,2.0,1.6216216216216217,0.0,0.0,0.5,0.0,0.5,1.8015165387578715,0.9001425114529974,0.165707096127686,0,B,Media coerenza,Structure and/or productivity show moderate deviations but remain compatible with the reference structural profile.
PRJ_INTEGRATION_050,Integration,8.8,17.0,0.0,0.0,2.0,1.0,1.0,1.9318181818181817,0.0,0.0,0.5,0.25,0.25,1.8368332390506983,1.0517112499644077,0.23416042466820217,0,B,Media coerenza,Structure and/or productivity show moderate deviations but remain compatible with the reference structural profile.
PRJ_INTEGRATION_051,Integration,8.8,17.0,0.0,0.0,2.0,1.0,1.0,1.9318181818181817,0.0,0.0,0.5,0.25,0.25,1.8368332390506983,1.0517112499644077,0.23416042466820217,0,B,Media coerenza,Structure and/or productivity show moderate deviations but remain compatible with the reference structural profile.
PRJ_INTEGRATION_052,Integration,5.3,13.0,0.0,0.0,1.0,1.0,1.0,2.452830188679245,0.0,0.0,0.3333333333333333,0.3333333333333333,0.3333333333333333,1.8405162985344576,1.332685937436334,0.24308231532419602,0,B,Media coerenza,Structure and/or productivity show moderate deviations but remain compatible with the reference structural profile.
PRJ_INTEGRATION_053,Integration,14.3,18.0,0.0,0.0,1.0,1.0,2.0,1.2587412587412588,0.0,0.0,0.25,0.25,0.5,1.8246994781299242,0.6898348324356963,0.2180179680847432,0,B,Media coerenza,Structure and/or productivity show moderate deviations but remain compatible with the reference structural profile.
PRJ_INTEGRATION_054,Integration,10.5,17.0,0.0,0.0,2.0,1.0,1.0,1.619047619047619,0.0,0.0,0.5,0.25,0.25,1.8368332390506983,0.8814341904463608,0.23416042466820217,0,B,Media coerenza,Structure and/or productivity show moderate deviations but remain compatible with the reference structural profile.
PRJ_INTEGRATION_055,Integration,7.0,13.0,0.0,0.0,1.0,1.0,1.0,1.8571428571428572,0.0,0.0,0.3333333333333333,0.3333333333333333,0.3333333333333333,1.8405162985344576,1.009033638344653,0.24308231532419602,0,B,Media coerenza,Structure and/or productivity show moderate deviations but remain compatible with the reference structural profile.
PRJ_INTEGRATION_056,Integration,11.1,14.0,0.0,0.0,1.0,0.0,2.0,1.2612612612612613,0.0,0.0,0.3333333333333333,0.0,0.6666666666666666,1.7934273648106887,0.7032686608941077,0.27955002631722986,0,B,Bassa coerenza,Structure and/or productivity differ significantly from the reference structural profile; the project may represent an outlier or a non-comparable context.
PRJ_INTEGRATION_057,Integration,12.3,13.0,0.0,0.0,1.0,1.0,1.0,1.056910569105691,0.0,0.0,0.3333333333333333,0.3333333333333333,0.3333333333333333,1.8405162985344576,0.5742467860498025,0.24308231532419602,0,B,Bassa coerenza,Structure and/or productivity differ significantly from the reference structural profile; the project may represent an outlier or a non-comparable context.
PRJ_INTEGRATION_058,Integration,14.0,13.0,0.0,0.0,1.0,1.0,1.0,0.9285714285714286,0.0,0.0,0.3333333333333333,0.3333333333333333,0.3333333333333333,1.8405162985344576,0.5045168191723265,0.24308231532419602,0,B,Bassa coerenza,Structure and/or productivity differ significantly from the reference structural profile; the project may represent an outlier or a non-comparable context.
PRJ_INTEGRATION_059,Integration,10.5,13.0,0.0,0.0,1.0,1.0,1.0,1.2380952380952381,0.0,0.0,0.3333333333333333,0.3333333333333333,0.3333333333333333,1.8405162985344576,0.6726890922297686,0.24308231532419602,0,B,Media coerenza,Structure and/or productivity show moderate deviations but remain compatible with the reference structural profile.
PRJ_INTEGRATION_060,Integration,8.8,13.0,0.0,0.0,1.0,1.0,1.0,1.477272727272727,0.0,0.0,0.3333333333333333,0.3333333333333333,0.3333333333333333,1.8405162985344576,0.802640394137792,0.24308231532419602,0,B,Media coerenza,Structure and/or productivity show moderate deviations but remain compatible with the reference structural profile.
PRJ_INTEGRATION_061,Integration,7.3,9.0,0.0,0.0,1.0,0.0,1.0,1.2328767123287672,0.0,0.0,0.5,0.0,0.5,1.8015165387578715,0.6843549230909775,0.165707096127686,0,B,Media coerenza,Structure and/or productivity show moderate deviations but remain compatible with the reference structural profile.
PRJ_INTEGRATION_062,Integration,9.1,9.0,0.0,0.0,1.0,0.0,1.0,0.989010989010989,0.0,0.0,0.5,0.0,0.5,1.8015165387578715,0.548988015226828,0.165707096127686,0,B,Bassa coerenza,Structure and/or productivity differ significantly from the reference structural profile; the project may represent an outlier or a non-comparable context.
PRJ_INTEGRATION_063,Integration,44.5,71.0,0.0,0.0,8.0,1.0,7.0,1.595505617977528,0.0,0.0,0.5,0.0625,0.4375,1.8103457138310781,0.8813264813388032,0.1042324680725772,0,B,Media coerenza,Structure and/or productivity show moderate deviations but remain compatible with the reference structural profile.
PRJ_INTEGRATION_064,Integration,27.3,48.0,0.0,0.0,5.0,2.0,4.0,1.7582417582417582,0.0,0.0,0.45454545454545453,0.18181818181818182,0.36363636363636365,1.8249952733488772,0.9634226367147648,0.09406763124604375,0,B,Alta coerenza,Structure and productivity are aligned with the reference structural profile for the corresponding application domain and cluster.
PRJ_INTEGRATION_065,Integration,10.8,44.0,0.0,0.0,5.0,1.0,4.0,4.0740740740740735,0.0,0.0,0.5,0.1,0.4,1.8156432188750022,2.243873703666531,0.09169376650873938,0,B,Bassa coerenza,Structure and/or productivity differ significantly from the reference structural profile; the project may represent an outlier or a non-comparable context.
PRJ_INTEGRATION_066,Integration,133.3,136.0,0.0,0.0,12.0,7.0,12.0,1.0202550637659413,0.0,0.0,0.3870967741935484,0.22580645161290322,0.3870967741935484,1.8279357308645912,0.558146025890841,0.11164826848071478,0,B,Bassa coerenza,Structure and/or productivity differ significantly from the reference structural profile; the project may represent an outlier or a non-comparable context.
PRJ_INTEGRATION_067,Integration,29.0,44.0,0.0,0.0,5.0,1.0,4.0,1.5172413793103448,0.0,0.0,0.5,0.1,0.4,1.8156432188750022,0.8356495172275358,0.09169376650873938,0,B,Media coerenza,Structure and/or productivity show moderate deviations but remain compatible with the reference structural profile.
PRJ_INTEGRATION_068,Integration,42.1,46.0,0.0,0.0,4.0,0.0,6.0,1.0926365795724464,0.0,0.0,0.4,0.0,0.6,1.796663034389562,0.6081477487199947,0.21104296642596995,0,B,Bassa coerenza,Structure and/or productivity differ significantly from the reference structural profile; the project may represent an outlier or a non-comparable context.
PRJ_INTEGRATION_069,Integration,21.1,35.0,0.0,0.0,4.0,1.0,3.0,1.6587677725118481,0.0,0.0,0.5,0.125,0.375,1.8191748889042847,0.9118242466016822,0.09947347934968134,0,B,Alta coerenza,Structure and productivity are aligned with the reference structural profile for the corresponding application domain and cluster.
PRJ_INTEGRATION_070,Integration,7.3,26.0,0.0,0.0,3.0,1.0,2.0,3.5616438356164384,0.0,0.0,0.5,0.16666666666666666,0.3333333333333333,1.8250610056197558,1.9515204284401289,0.13390010870710353,0,B,Bassa coerenza,Structure and/or productivity differ significantly from the reference structural profile; the project may represent an outlier or a non-comparable context.
PRJ_INTEGRATION_071,Integration,8.5,22.0,0.0,0.0,2.0,1.0,2.0,2.588235294117647,0.0,0.0,0.4,0.2,0.4,1.8249163946238234,1.4182760929446139,0.08023056709790345,0,B,Bassa coerenza,Structure and/or productivity differ significantly from the reference structural profile; the project may represent an outlier or a non-comparable context.
PRJ_INTEGRATION_072,Integration,17.8,26.0,0.0,0.0,3.0,1.0,2.0,1.4606741573033708,0.0,0.0,0.5,0.16666666666666666,0.3333333333333333,1.8250610056197558,0.8003426476187046,0.13390010870710353,0,B,Media coerenza,Structure and/or productivity show moderate deviations but remain compatible with the reference structural profile.
PRJ_INTEGRATION_073,Integration,7.9,18.0,0.0,0.0,1.0,1.0,2.0,2.2784810126582276,0.0,0.0,0.25,0.25,0.5,1.8246994781299242,1.2486883675734755,0.2180179680847432,0,B,Media coerenza,Structure and/or productivity show moderate deviations but remain compatible with the reference structural profile.
PRJ_INTEGRATION_074,Integration,7.0,17.0,0.0,0.0,2.0,1.0,1.0,2.4285714285714284,0.0,0.0,0.5,0.25,0.25,1.8368332390506983,1.3221512856695412,0.23416042466820217,0,B,Media coerenza,Structure and/or productivity show moderate deviations but remain compatible with the reference structural profile.
PRJ_INTEGRATION_075,Integration,17.8,18.0,0.0,0.0,1.0,1.0,2.0,1.0112359550561798,0.0,0.0,0.25,0.25,0.5,1.8246994781299242,0.5541931519005875,0.2180179680847432,0,B,Bassa coerenza,Structure and/or productivity differ significantly from the reference structural profile; the project may represent an outlier or a non-comparable context.
PRJ_INTEGRATION_076,Integration,10.5,13.0,0.0,0.0,1.0,1.0,1.0,1.2380952380952381,0.0,0.0,0.3333333333333333,0.3333333333333333,0.3333333333333333,1.8405162985344576,0.6726890922297686,0.24308231532419602,0,B,Media coerenza,Structure and/or productivity show moderate deviations but remain compatible with the reference structural profile.
PRJ_INTEGRATION_077,Integration,7.9,9.0,0.0,0.0,1.0,0.0,1.0,1.1392405063291138,0.0,0.0,0.5,0.0,0.5,1.8015165387578715,0.632378599818245,0.165707096127686,0,B,Media coerenza,Structure and/or productivity show moderate deviations but remain compatible with the reference structural profile.
PRJ_INTEGRATION_078,Integration,7.0,8.0,0.0,0.0,2.0,0.0,0.0,1.1428571428571428,0.0,0.0,1.0,0.0,0.0,1.8257840605994193,0.6259541681407459,0.7362454630441234,0,B,Bassa coerenza,Structure and/or productivity differ significantly from the reference structural profile; the project may represent an outlier or a non-comparable context.
